<?xml version="1.0" encoding="UTF-8"?>
<!DOCTYPE mapper PUBLIC "-//mybatis.org//DTD Mapper 3.0//EN" "http://mybatis.org/dtd/mybatis-3-mapper.dtd">
<mapper namespace="egovframework.com.lpmg.dao.LoginPolicyManagerDao">

    <select id="selectLgPlcyList" resultType="hashMap">
			SELECT POLICY_ID as "policy_id"
			     , POLICY_NM as "policy_nm"
			     , POLICY_DC as "policy_dc"
			     , POLICY_BGNDT as "policy_bgndt"
			     , POLICY_ENDDT as "policy_enddt"
			     , POLICY_APPY_YN as "policy_appy_yn"
			     , POLICY_HTMXCNT as "policy_htmxcnt"
			     , POLICY_REGIST_DT as "policy_regist_dt"
			     , POLICY_APPY_USRID as "policy_appy_usrid"
			  FROM COMTNLOGINPOLICY
    </select>


    <select id="selectLgPlcyDetail"  parameterType="Map" resultType="hashMap">
			SELECT POLICY_ID as "policy_id"
			     , POLICY_NM as "policy_nm"
			     , POLICY_DC as "policy_dc"
			     , POLICY_BGNDT as "policy_bgndt"
			     , POLICY_ENDDT as "policy_enddt"
			     , POLICY_APPY_YN as "policy_appy_yn"
			     , POLICY_HTMXCNT as "policy_htmxcnt"
			     , POLICY_REGIST_DT as "policy_regist_dt"
			     , POLICY_APPY_USRID as "policy_appy_usrid"
			     , POLICY_DATA as "policy_data"
			  FROM COMTNLOGINPOLICY
			 WHERE POLICY_ID = '${PLCYID}'
    </select>


    <select id="selectLgPlcyInfoCnt" parameterType="Map" resultType="int">
			SELECT COUNT(*) as "cnt"
			  FROM COMTNLOGINPOLICY
			 WHERE POLICY_ID = '${PLCYID}'
    </select>

    <insert id="insertLgPlcyInfo" parameterType="hashMap">
			INSERT INTO COMTNLOGINPOLICY (
				 POLICY_ID
				, POLICY_NM
				, POLICY_DC
				, POLICY_BGNDT
				, POLICY_ENDDT
				, POLICY_APPY_YN
				, POLICY_HTMXCNT
				, POLICY_REGIST_DT
				, POLICY_APPY_USRID
				, POLICY_DATA
				, CHANGE_DT
			) VALUES (
				  #{PLCYID}
				, #{PLCYNM}
				, #{PLCYDC}
				, #{PLCYBGNDT}
				, #{PLCYENDDT}
				, #{PLCYAPPYYN}
				, #{POLICYHTMXCNT}
				, '${DT}'
				, #{PLCYAPPYUSRID}
				, #{POLICYDATA}
				, '${DT}'
			)
    </insert>

    <update id="updateLgPlcyInfo" parameterType="hashMap">
			UPDATE COMTNLOGINPOLICY
			   SET CHANGE_DT = '${CHANGE_DT}'
			    <if test='PLCYNM != null'> 	, POLICY_NM	= '${PLCYNM}' 	</if>
			    <if test='PLCYDC != null'> 	, POLICY_DC	= '${PLCYDC}' 	</if>
			    <if test='PLCYBGNDT != null'> 	, POLICY_BGNDT	= '${PLCYBGNDT}' 	</if>
			    <if test='PLCYENDDT != null'> 	, POLICY_ENDDT	= '${PLCYENDDT}' 	</if>
			    <if test='POLICYHTMXCNT != null'> 	, POLICY_HTMXCNT	= ${POLICYHTMXCNT} 	</if>
			    <if test='PLCYAPPYYN != null'> 	, POLICY_APPY_YN	= '${PLCYAPPYYN}' 	</if>
			    <if test='PLCYAPPYUSRID != null'> 	, POLICY_APPY_USRID	= '${PLCYAPPYUSRID}' 	</if>
			    <if test='POLICYDATA != null'> 	, POLICY_DATA	= '${POLICYDATA}' 	</if>
			 WHERE POLICY_ID = '${PLCYID}'
    </update>
    
    <delete id="deleteLgPlcyInfo" parameterType="hashMap">
			DELETE FROM COMTNLOGINPOLICY
			 WHERE POLICY_ID = '${PLCYID}'
    </delete>

    
    <update id="updateLgPlcyStat" parameterType="hashMap">
			UPDATE COMTNLOGINPOLICY
			   SET CHANGE_DT = '${CHANGE_DT}'
			    <if test='PLCYAPPYYN != null'> 	, POLICY_APPY_YN	= '${PLCYAPPYYN}' 	</if>
			    <if test='PLCYAPPYUSRID != null'> 	, POLICY_APPY_USRID	= '${PLCYAPPYUSRID}' 	</if>
			 WHERE POLICY_ID = '${PLCYID}'
    </update>
    
</mapper> 