<?xml version="1.0" encoding="UTF-8"?>
<!DOCTYPE mapper PUBLIC "-//mybatis.org//DTD Mapper 3.0//EN" "http://mybatis.org/dtd/mybatis-3-mapper.dtd">
<mapper namespace="egovframework.com.lpmg.dao.LoginPolicyHitRegisterDao">

    <select id="selectHitRgstList" resultType="hashMap">
			SELECT a.USR_ID as "usr_id"
			     , a.POLICY_ID as "policy_id"
			     , ifnull(b.POLICY_NM,'-미등록정책-') as "policy_nm" 
			     , COUNT(*) as "cnt"
			  FROM COMTNLOGINPOLICYHITHISTORY a
			  	   LEFT OUTER JOIN
			        COMTNLOGINPOLICY b
			       ON (a.POLICY_ID  = b.POLICY_ID)
			   WHERE 1=1  
				<if test='PLCYNM != null'> 	AND POLICY_NM like '%${PLCYNM}%' 	</if>
				<if test='USRID != null'> 	AND USR_ID like '%${USRID}%' 	</if>
			 GROUP BY a.USR_ID, a.POLICY_ID
    </select>

    <select id="selectHitRgstDetailList" resultType="hashMap">
			SELECT a.USR_ID as "usr_id"
			     , a.POLICY_ID as "policy_id"
			     , ifnull(b.POLICY_NM,'-미등록정책-') as "policy_nm" 
			     , a.POLICY_HIT_DT as "policy_hit_dt" 
			     , a.LOGIN_IP as "login_ip"
			     , a.LOGIN_IP_CNTR as "login_ip_cntr"
			  FROM COMTNLOGINPOLICYHITHISTORY a
			  LEFT OUTER JOIN 
			       COMTNLOGINPOLICY b
			  ON a.POLICY_ID = b.POLICY_ID
			 WHERE 1=1
 		    <if test='PLCYID != null'> 	AND a.POLICY_ID = '${PLCYID}' 	</if>
			<if test='USRID != null'> 	AND a.USR_ID = '${USRID}' 	</if>
    </select>

    <select id="selectHitRgstUser"  parameterType="Map" resultType="hashMap">
			SELECT a.USR_ID as "usr_id"
			     , a.POLICY_ID as "policy_id"
			     , ifnull(b.POLICY_NM,'-미등록정책-') as "policy_nm"
			     , COUNT(*) as "cnt" 
			  FROM COMTNLOGINPOLICYHITHISTORY a 
			       LEFT OUTER JOIN 
			       COMTNLOGINPOLICY b 
			    ON (a.POLICY_ID = b.POLICY_ID) 
			 WHERE a.USR_ID = '${USRID}'
			 GROUP BY a.USR_ID, a.POLICY_ID
    </select>

    <insert id="insertLgPlcyHitRgst" parameterType="hashMap">
			INSERT INTO COMTNLOGINPOLICYHITHISTORY (
				   USR_ID
				 , POLICY_ID 
				 , POLICY_HIT_DT 
				 , LOGIN_IP 
				 , LOGIN_IP_CNTR
			) VALUES (
				  #{USRID}
				, #{PLCYID}
				, #{POLICYHITDT}
				, #{LGINIP}
				, #{LOGINIPCNTR}
 			)
    </insert>
    
    <delete id="deleteLgPlcyHitUsrRgst" parameterType="hashMap">
			DELETE FROM COMTNLOGINPOLICYHITHISTORY
			 WHERE USR_ID = '${USRID}'
    </delete>

    <delete id="deleteLgPlcyHitPlcyRgst" parameterType="hashMap">
			DELETE FROM COMTNLOGINPOLICYHITHISTORY
			 WHERE POLICY_ID = '${PLCYID}'
    </delete>
    
    <select id="selectUserPwCk"  parameterType="Map" resultType="hashMap">
			SELECT PASSWORD as "password"
			     , USR_ID as "usr_id"
			  FROM COMTNUSERMNG
			 WHERE USR_ID = '${USRID}'
    </select>
    <select id="selectUserIpCk"  parameterType="Map" resultType="hashMap">
			SELECT COUNT(*) as "cnt"
			  FROM COMTNBLKIPMNGR
			 WHERE BLK_IP LIKE '${LGINIP}%'
			    AND BLK_IP_TYP = '01' 
    </select>
    <select id="selectCidrIpList"  parameterType="Map" resultType="hashMap">
			SELECT BLK_IP as "blk_ip"
			     , BLK_IP_CIDR as "blk_ip_cidr"
			  FROM COMTNBLKIPMNGR
			 WHERE BLK_IP_TYP = '02' 
    </select>    
    <select id="selectUserPwErCnt"  parameterType="Map" resultType="hashMap">
			SELECT COUNT(*) as "cnt" 
			  FROM COMTNLOGINPOLICYHITHISTORY
			 WHERE USR_ID  = '${USRID}'
			   AND POLICY_ID = '${PLCYID}'
    </select>
    
	<select id="selectLgPlcyList" resultType="hashMap">
			SELECT POLICY_ID as "policy_id"
			     , POLICY_NM as "policy_nm"
			     , POLICY_DC as "policy_dc"
			     , POLICY_BGNDT as "policy_bgndt"
			     , POLICY_ENDDT as "policy_enddt"
			     , POLICY_APPY_YN as "policy_appy_yn"
			     , POLICY_REGIST_DT as "policy_regist_dt"
			     , POLICY_HTMXCNT as "policy_htmxcnt"
			     , POLICY_APPY_USRID as "policy_appy_usrid"
			  FROM COMTNLOGINPOLICY
			 WHERE POLICY_APPY_YN = 'Y'
			    AND '${PDT}' BETWEEN POLICY_BGNDT AND POLICY_ENDDT
    </select>
    
    <select id="selectLgPlcyHitlMsg"  parameterType="Map" resultType="hashMap">
			SELECT a.USR_ID as "usr_id"
			     , a.POLICY_ID as "policy_id"
			     , ifnull(b.POLICY_NM,'-미등록정책-') as "policy_nm"
			     , COUNT(*) as "cnt" 
			  FROM COMTNLOGINPOLICYHITHISTORY a 
			       LEFT OUTER JOIN 
			       COMTNLOGINPOLICY b 
			    ON (a.POLICY_ID = b.POLICY_ID) 
			 WHERE a.USR_ID = '${USRID}'
			 GROUP BY a.USR_ID, a.POLICY_ID
    </select>
    
    
        
    <select id="selectUserDetail"  parameterType="Map" resultType="hashMap">
		SELECT 
		        ESNTL_ID               as "uniqId",
		        'USR01'               as "userTy",
		        USR_ID               as "userId",
		        USR_NM               as "userNm",
		        USR_EMAIL_ADRES      as "emailAdres",
		        AREA_NO               as "areaNo",
		        MIDDLE_TELNO          as "middleTelno",
		        END_TELNO             as "endTelno",
		        MBTLNUM           as "moblphonNo",
		       -- GROUP_ID              as "groupId",
		        USR_STTUS            as "sttus",
		        SBSCRB_DE             as "sbscrbDe"
		  FROM COMTNUSERMNG
		 WHERE USR_ID = '${USRID}'
    </select>
    
    <delete id="deleteHtlist" parameterType="hashMap">
			DELETE FROM COMTNLOGINPOLICYHITHISTORY
			 WHERE POLICY_ID = '${PLCYID}'
			   AND USR_ID = '${USRID}'
    </delete>


    <select id="selectWhoisKey"  parameterType="Map" resultType="hashMap">
			SELECT POLICY_DATA as "key"
			  FROM COMTNLOGINPOLICY
			 WHERE POLICY_ID = '${PLCYID}'
    </select>
    

</mapper> 