<?xml version="1.0" encoding="UTF-8"?>
<!DOCTYPE mapper PUBLIC "-//mybatis.org//DTD Mapper 3.0//EN" "http://mybatis.org/dtd/mybatis-3-mapper.dtd">
<mapper namespace="egovframework.com.lpmg.dao.LoginPolicyDpIpDao">

    <select id="selectDpIpList" resultType="hashMap">
			SELECT BLK_IP as "blk_ip" 
			     , BLK_IP_TYP as "blk_ip_typ"
			     , BLK_IP_CIDR as "blk_ip_cidr"
			     , BLK_IPNM as "blk_ipnm"
			     , BLK_IPDC as "blk_ipdc"
			     , ADD_USRID as "add_usrid"
			     , ADD_DT as "add_dt"
			  FROM COMTNBLKIPMNGR
    </select>

    <select id="selectDpIpDetail" resultType="hashMap">
			SELECT BLK_IP as "blk_ip"
			     , BLK_IP_TYP as "blk_ip_typ"
			     , BLK_IP_CIDR as "blk_ip_cidr"
			     , BLK_IPNM as "blk_ipnm"
			     , BLK_IPDC as "blk_ipdc"
			     , ADD_USRID as "add_usrid"
			     , ADD_DT as "add_dt"
			  FROM COMTNBLKIPMNGR
			 WHERE BLK_IP = '${BLKIP}'
			   AND BLK_IP_TYP = '${BLKIPTYPE}'
    </select>


    <select id="selectLgPlcyDpIpCnt" parameterType="Map" resultType="int">
			SELECT COUNT(*) as "cnt"
			  FROM COMTNBLKIPMNGR
			 WHERE BLK_IP = '${BLKIP}'
			    AND BLK_IP_TYP = '${BLKIPTYP}'
    </select>

    <insert id="insertLgPlcyDpIp" parameterType="hashMap">
			INSERT INTO COMTNBLKIPMNGR (
				 BLK_IP
				, BLK_IP_TYP
				, BLK_IP_CIDR
				, BLK_IPNM
			    , BLK_IPDC
				, ADD_USRID
				, ADD_DT
			) VALUES (
				  #{BLKIP}
				, #{BLKIPTYP}
				, #{BLKIPCIDR}
				, #{BLKNM}
				, #{BLKDC}
				, #{ADUSR}
				, #{ADDDT}
			)
    </insert>

    
    <delete id="deleteLgPlcyDpIp" parameterType="hashMap">
			DELETE FROM COMTNBLKIPMNGR
			 WHERE BLK_IP = '${BLKIP}'
			    AND BLK_IP_TYP = '${BLKIPTYP}'
    </delete>
    
</mapper> 