
INSERT INTO COMTNUSERMNG ( USR_ID , PASSWORD , PASSWORD_HINT , PASSWORD_CNSR , USR_NM , ZIP , ADRES , AREA_NO , USR_STTUS , DETAIL_ADRES , END_TELNO , MBTLNUM , USR_FXNUM , USR_EMAIL_ADRES , MIDDLE_TELNO , SBSCRB_DE , SEXDSTN_CODE , ESNTL_ID , LOCK_AT , LOCK_CNT , CHANGE_DT )
 VALUES ( 'TESTUSER' , '473287f8298dba7163a897908958f7c0eae733e25d2e027992ea2edc9bed2fa8' , 'P02' , 'P0002' , '홍길동' , '23121' , 'adres' , '112' , 'A' , '111-335' , '6432' , '010-0000-3333' , '02-332-3332' , 'test@egov.go.kr' , '2332' , null , 'M' , null , 'N' , 0 , '20200623094810' );
INSERT INTO COMTNUSERMNG (USR_ID,PASSWORD,PASSWORD_HINT,PASSWORD_CNSR,USR_NM,ZIP,ADRES,AREA_NO,USR_STTUS,DETAIL_ADRES,END_TELNO,MBTLNUM,USR_FXNUM,USR_EMAIL_ADRES,MIDDLE_TELNO,SBSCRB_DE,SEXDSTN_CODE,ESNTL_ID, CHANGE_DT) 
 values ('USER','473287f8298dba7163a897908958f7c0eae733e25d2e027992ea2edc9bed2fa8','P01','전자정부표준프레임워크센터','일반회원','100775','서울 중구 무교동 한국정보화진흥원','02','P','전자정부표준프레임워크센터','2059','1566-2059','1566-2059','egovframesupport@gmail.com','1566','20200623094810','F','USRCNFRM_00000000001', '20200623094810');


INSERT INTO COMTNLOGINPOLICY (POLICY_ID,POLICY_NM,POLICY_DC,POLICY_BGNDT,POLICY_ENDDT,POLICY_APPY_YN,POLICY_REGIST_DT,POLICY_HTMXCNT,POLICY_APPY_USRID,CHANGE_DT) VALUES ('POLCY001','ID/PW 오류 체크','로그인시 ID/PW 오류 횟수를 체크하여 로그인을 제한한다.','20200707','99991231','Y','20200623094810',3,'TESTUSER',20200623094810);
INSERT INTO COMTNLOGINPOLICY (POLICY_ID,POLICY_NM,POLICY_DC,POLICY_BGNDT,POLICY_ENDDT,POLICY_APPY_YN,POLICY_REGIST_DT,POLICY_HTMXCNT,POLICY_APPY_USRID,CHANGE_DT) VALUES ('POLCY002','IP차단','Client(접속지)의 IP4주소를 확인하여, 등록된 차단 대상 IP와 비교하여 로그인을 제한한다.\nCIDR표기도 지원한다. ','20200707','99991231','Y','20200623094810',0,'TESTUSER',20200623094810);
INSERT INTO COMTNLOGINPOLICY (POLICY_ID,POLICY_NM,POLICY_DC,POLICY_BGNDT,POLICY_ENDDT,POLICY_APPY_YN,POLICY_REGIST_DT,POLICY_HTMXCNT,POLICY_APPY_USRID,POLICY_DATA,CHANGE_DT) VALUES ('POLCY003','해외IP구분','해외IP여부를 확인한다.\nwhois.kisa.or.kr 의 WHOIS OpenAPI를 활용한다. \n사용을 위해서는 whois(한국인터넷진흥원)에서 발급받은 key를 등록해야한다.  ','20200707','99991231','N','20200623094810',0,'TESTUSER','2020073020252544398149',20200623094810);


INSERT INTO COMTNLOGINPOLICYHITHISTORY (USR_ID, POLICY_ID, POLICY_HIT_DT, LOGIN_IP, LOGIN_IP_CNTR) VALUES ('TESTUSER','POLCY002','20200707143514987','10.20.30.114','-');
INSERT INTO COMTNLOGINPOLICYHITHISTORY (USR_ID, POLICY_ID, POLICY_HIT_DT, LOGIN_IP, LOGIN_IP_CNTR) VALUES ('TESTUSER','POLCY002','20200702143514987','10.20.30.114','-');
INSERT INTO COMTNLOGINPOLICYHITHISTORY (USR_ID, POLICY_ID, POLICY_HIT_DT, LOGIN_IP, LOGIN_IP_CNTR) VALUES ('TESTUSER','POLCY002','20200617143514987','10.20.30.114','-');
INSERT INTO COMTNLOGINPOLICYHITHISTORY (USR_ID, POLICY_ID, POLICY_HIT_DT, LOGIN_IP, LOGIN_IP_CNTR) VALUES ('TESTUSER','POLCY001','20200625093514987','10.20.30.114','-');
INSERT INTO COMTNLOGINPOLICYHITHISTORY (USR_ID, POLICY_ID, POLICY_HIT_DT, LOGIN_IP, LOGIN_IP_CNTR) VALUES ('USER','POLCY001','20200505093514987','10.20.30.114','-');


INSERT INTO COMTNBLKIPMNGR(BLK_IP, BLK_IP_TYP, BLK_IP_CIDR, BLK_IPNM, BLK_IPDC, ADD_USRID, ADD_DT) VALUES ('10.20.30.40','01','','테스트IP','테스트를 위해 등록된 IP','TESTUSER','20200623094810');
INSERT INTO COMTNBLKIPMNGR(BLK_IP, BLK_IP_TYP, BLK_IP_CIDR, BLK_IPNM, BLK_IPDC, ADD_USRID, ADD_DT) VALUES ('202.10.210.50','01','','테스트IP2','테스트를 위해 등록된 IP2','TESTUSER','20200623094810');
INSERT INTO COMTNBLKIPMNGR(BLK_IP, BLK_IP_TYP, BLK_IP_CIDR, BLK_IPNM, BLK_IPDC, ADD_USRID, ADD_DT) VALUES ('202.10.5.25','02','24','테스트IP3','테스트를 위해 등록된 IP3','TESTUSER','20200623094810');